,name,address,col1,col2,col3a,col3b,col3c
0,charles murray,"20000 Carr Light Suite 167
New Charles, DC 83566-1799",,4411370052014828,incidunt,eos,nemo
1,dale ingram,"57519 Moore Plains
West Janicestad, RI 25147-1025",6011222645675186,180076878736794,error,numquam,quos
2,stephen jones,"3067 Lacey Inlet
Kathyport, WA 44510-5638",4420687557801378,5461461000428594,a,quas,unde
3,gregory owens,"9907 Hernandez Estates
South Davidview, CO 38116-2658",30276838224293,4080927470581,dolorum,nam,dolore
4,daniel dunn,"Unit 5990 Box 3961
DPO AP 96397",4129293274000,3528665288286823,eveniet,ipsam,eos
5,andrew hernandez,"0934 Hardin Brook
Port Nicholasburgh, IA 88128-4796",6011477487233706,6011931341190635,dignissimos,assumenda,repellendus
6,micheal adams,"272 Desiree Circle
Wendyside, RI 69235",378138142158379,30039906545274,praesentium,maxime,unde
7,matthew preston,"6833 Taylor Island
New Ray, CA 30255",4971287249393,6011896031010296,iusto,placeat,et
8,ruth simpson,"5816 Cole Streets Suite 480
Jennyview, MS 20663-5113",4617769319184,344119118059834,quis,laudantium,magnam
9,kimberly freeman,"10852 Rogers Estates Apt. 606
Clarkchester, OR 69851",869960087742073,3112299416890066,dolore,atque,earum
10,heather barnett,"Unit 6228 Box 1615
DPO AP 91311-7264",869979537431129,503850690051,iusto,hic,vel
11,jody ford,"00405 Robinson Center
Spencerstad, MO 59546-2932",30275595450232,30421377075314,accusantium,necessitatibus,accusamus
12,janet ellis,"11682 Jennifer Pines Apt. 035
Robertbury, IL 80713",376694768091098,6011243463810648,et,iusto,sint
13,monica wilkinson,"88196 Welch Avenue
Port Ashleyshire, ID 19881-1436",180056513380737,869902024910116,consequuntur,facere,sed
14,donna avery md,"622 Amanda Fords Apt. 115
Sharpville, WA 55950-9332",180021837797099,6011928305859981,soluta,non,incidunt
15,christopher parker,"99908 Cassandra Plaza
Flowersfort, IA 67149-2437",30464710202260,5318645527144115,similique,ratione,illum
16,geoffrey snow,"22991 Keith Square Suite 408
West Ryanland, CT 04145-6213",30295742067143,869982644499104,error,ad,eum
17,jose jenkins,"928 Angela Mall
East Jessicaberg, DC 77954",210087591567287,5214657731117956,facere,laudantium,quae
18,kimberly patel,"USS Hernandez
FPO AE 56807",376963113029750,4501845694275,voluptate,perferendis,neque
19,scott whitaker,"737 Eddie Locks
New Maryport, NH 16197-7483",210060323161653,3337889404305033,repellat,doloremque,doloremque
20,denise shields,"07625 Herring Drives
Hawkinsberg, CT 96464-0737",4123922265808773,6011702805573305,quo,consequatur,velit
21,jonathan atkinson,"5495 Amanda Lock
Rebeccabury, AS 87140-9374",6011107995139372,501848182223,dolorem,dolore,aut
22,heather avery,"63805 Clark Landing Suite 716
Beckyville, DE 00731",3096368192977338,4756466184382,excepturi,vel,velit
23,brittany webb,"486 Turner Rest Apt. 899
Mayomouth, NH 43962",,4956311306673,veritatis,officiis,a
24,mr. brian lopez dds,"6413 Ortiz Gateway
Smithstad, IL 60748",561253179726,4388844184252810,sequi,sunt,excepturi
25,linda stevenson,"597 Martin Throughway
Lake Christopher, PA 54933-5153",639033921417,869980322533145,eos,impedit,similique
26,michael jordan,"240 Kyle Estates Apt. 912
Webbberg, CO 59015-6301",869982089199565,4995460995993,eius,animi,facere
27,juan benson,"76305 Hunter Circle
Masseyton, SD 87459",210040385637485,3088756570901633,ullam,laudantium,itaque
28,lori boyd,"420 Allen Skyway
East Gracefort, MD 19875",4170880001972174,502027606222,odio,nemo,repellendus
29,aaron sullivan,"44166 Wayne Vista Apt. 046
Castromouth, UT 91625-6619",6011906247655915,4198412017778102,aliquam,esse,vel
30,shirley garcia,"229 Timothy Place Apt. 476
East Catherinestad, AL 24388-4714",3112769221436214,869958044051927,aut,ipsum,a
31,laura fitzpatrick,"078 Richards Prairie Apt. 877
Lake Jenniferburgh, MI 16931",3096231374649002,210014711408390,eaque,pariatur,corrupti
32,daniel tapia,"4702 Mccormick Via
North Courtneyside, CT 08184-8506",341651565197702,180032154749688,ut,a,similique
33,jennifer smith,"643 Adams Mountain
Kellyborough, VA 76063",4714660914424056,4275284222506,laboriosam,reprehenderit,alias
34,david meyers,"60433 Adam Grove Apt. 791
South Stevenmouth, WV 29036-6767",676221959015,6011298431487564,eos,qui,neque
35,ashley green,"022 Christopher Burg
New Tracyville, OK 32567-1147",869977628421777,4956270216020,deserunt,cupiditate,fuga
36,sean mitchell,"28687 Lisa Crest Suite 696
Stephanieton, WV 19434",4801395536945550,4210679742098733,molestias,perferendis,cumque
37,alexander parker,"276 Cynthia Avenue
South Robert, MA 59211",3158097758985592,180087024348178,quasi,dicta,laborum
38,laura glenn,"51777 Reynolds Circles
Michelleborough, FL 80124-7524",3096145930952769,3112884004752453,tempora,tenetur,explicabo
39,amanda cabrera,"PSC 7240, Box 3361
APO AP 66350",30330092192769,502088100875,cumque,perspiciatis,harum
40,william garza,"58368 Daisy Isle Apt. 073
Philliphaven, MS 43633-1240",210034803974760,3337320370672933,nesciunt,beatae,mollitia
41,william hall,"427 Arnold Row Suite 112
Charlesbury, NY 51729",869928968489650,180091181778961,quis,ducimus,eos
42,kimberly pope,"8865 Collins Plaza Suite 248
Phillipsbury, MS 71435",6011745631113408,347783862358887,deserunt,quam,sequi
43,heather williams,"01234 Moore Hills
Amberbury, ME 79771",869942674389062,6011722066425870,nisi,fuga,nam
44,bethany lowe,"55304 Aguilar Springs Suite 076
North Kimberly, AL 61630-4245",869988769938776,372081689040756,saepe,quibusdam,architecto
45,sherri bailey,"41941 Abigail Circle
East Judith, MD 28994",502054870022,342933903515590,alias,inventore,minima
46,laura king,"7160 Davenport Cliff
Wigginsburgh, VT 12750-1887",,676359650071,nulla,tenetur,inventore
47,jennifer morrison,"0714 Burns Expressway Suite 320
South Jackie, SD 58592-0958",4246961596833730,210095453461952,voluptatem,ut,aliquid
48,tony allen,"4559 Ryan Expressway Suite 875
Rodriguezhaven, LA 71742-8040",180049639783751,6011258235846670,placeat,illo,exercitationem
49,aaron le,"USS Harris
FPO AP 85427",375491956477119,5311712463389182,ducimus,aliquam,nulla
50,tracy torres,"9912 Brady Mountains Suite 536
Jamesmouth, LA 14579-1406",4413367378076588,4570948595887,voluptates,suscipit,quasi
51,brianna henderson,"Unit 3948 Box 6367
DPO AE 44340",3088528862157228,5406297438533383,facilis,quisquam,illo
52,christopher fowler,"649 Rasmussen Mews
Elizabethview, HI 90725-0986",4545763089752,869967270897366,fugiat,mollitia,voluptatibus
53,john williams,"6993 Gutierrez Valleys
Shaunstad, AR 48514",379235724819367,503816772852,amet,eligendi,laudantium
54,tammy nielsen,"86691 Amber Pass Suite 607
Justinburgh, MD 04058",4723865363760913,378304905585667,expedita,nisi,placeat
55,heather juarez,"72830 Williams Landing
Nguyenside, WA 16675-0169",3337167200831324,30033986914070,nam,recusandae,quaerat
56,justin williams,"0805 Brewer Ports
Aaronhaven, WY 42724",503859240429,210023015868878,voluptate,esse,tempora
57,blake rhodes,"849 Chan Groves
South Kimberlychester, WI 62139",4241647864776173,869981053474103,et,corporis,optio
58,rebecca lewis,"32239 Gregory Club
Port Raymondburgh, AZ 06989-3629",869935280420453,4086520587075736,tempore,tempora,pariatur
59,caroline pope,"221 Beasley Harbors Suite 449
East James, SD 51797",5119751893281563,30139634587885,itaque,veniam,minima
60,aaron walker,"67534 John Crescent Apt. 976
East Mark, VA 79178",869907109651501,3528578811935867,dignissimos,neque,assumenda
61,neil wilson,"24109 Davis Junction Suite 518
North Bridget, GA 40691",4189596816686671,869914836164626,aut,alias,odio
62,thomas moody,"7874 Laurie Throughway
New Traci, MO 27127",4026515722775714,3337806776165662,odit,rerum,fugit
63,alicia kennedy,"9991 Lisa Courts Apt. 075
Rebeccaton, OK 53474",5323437140023311,5540570280105493,dicta,perspiciatis,voluptates
64,daniel miller,"USCGC Mitchell
FPO AA 01416",676129369416,5532648816956637,repellat,consectetur,sapiente
65,ashley barnes,"975 Luna Valleys Apt. 597
East Dawn, WY 24996",5238354773001411,377488199202674,nisi,ut,pariatur
66,kim hartman,"16714 Hutchinson Trail Suite 195
Robertstown, FL 68699-8157",4244700058539803,4768087281247073,soluta,unde,vero
67,emily graham,"0118 Garcia Inlet
Robertton, KY 16135",180024828469058,3088218315972825,iusto,earum,maxime
68,gregory farmer,"9058 Gilmore Via Apt. 086
Pinedaview, CO 22057",869922503176773,3096115074933297,aspernatur,consequuntur,voluptatibus
69,brian robles,"3893 Shea Shoals
Brittneyberg, AZ 03671-2269",,4426595101954128,laudantium,ex,quas
70,jonathan conrad,"79652 Ricardo Extension Suite 755
New Deniseberg, DE 98912-7071",5417676394733185,4951864553150764,saepe,harum,dolores
71,michael barker,"44954 Wright Parks
West Kevin, NE 81855",4041404582423742,4152923334490399,neque,eum,maxime
72,matthew wiley,"USCGC Smith
FPO AP 73199-7216",4976054818997990,4665186637216701,rerum,at,similique
73,jennifer david,"122 Hunt Lake
East Jeffrey, AS 44241-2448",5325410222473140,869918332943110,harum,officia,inventore
74,nicole johnson,"Unit 6750 Box 4170
DPO AA 08328",6011205889319884,5216447413069750,reprehenderit,architecto,placeat
75,steven cain,"65853 White Drive
Amyland, OR 38493",4808806399084843,4436857169442521,aliquid,labore,ea
76,ronald hanson,"304 Green Drives
South Susan, GA 85594",3158471667287541,30079220017824,nulla,ex,eveniet
77,louis neal,"67873 Johnson Mews
Whitebury, SC 21611-3880",4005652112853176,4585753885140,expedita,laudantium,enim
78,jon davenport,"4417 Jimmy Alley Apt. 561
North Morganshire, NJ 63796",4130171783054,6011667734411556,rem,blanditiis,nulla
79,michael smith jr.,"4134 Audrey Lodge Apt. 684
North Jason, KY 74096-7712",869931772784746,5110947355244433,repellendus,qui,aliquid
80,james kidd,"18813 Hernandez Mountains Apt. 835
Lake Gerald, KS 81328",340867917810716,869953027023142,alias,sunt,eligendi
81,mr. christopher johnson,"8893 Stephanie Coves
South Marymouth, ID 02563",4928873326881498,372643242249636,inventore,commodi,officia
82,susan coleman,"506 White Path
Lake Amyhaven, IA 98763",30243067922344,210083845121344,nihil,a,optio
83,james morgan,"95495 Brown Springs Suite 105
Port Caitlynfort, GU 18836",347185961538189,3337284953934666,cupiditate,placeat,tempore
84,crystal brown,"USS Olson
FPO AE 88757",630423019540,4647191071011728,nisi,quasi,praesentium
85,abigail crawford,"669 Elizabeth Corners
Gibsonview, MN 80012-7780",372591588746220,180082763302924,perspiciatis,consectetur,maxime
86,alyssa hill,"46079 Kara Row Apt. 476
Jameschester, DC 56756-2359",30453081660438,3112787535408885,incidunt,possimus,adipisci
87,adam cox,"53804 Dillon Squares
Stewartchester, AL 15447",4001755292876117,180009718243168,impedit,facere,deleniti
88,joanne gardner,"92361 Tamara Ways
Aliciaborough, LA 80197-3792",379812288134845,4469795914225660,culpa,vel,odit
89,daniel brown,"99370 Martin Estates Suite 887
North Crystal, FM 70509-2181",4517143090533361,3158972016239000,sint,veniam,officiis
90,stefanie moore,"USNV Grimes
FPO AP 48600-1775",869925042118016,3528288906027311,minus,delectus,doloremque
91,james chandler,"Unit 3439 Box 6861
DPO AE 38845",4377602814515656,675993675908,officia,ratione,doloribus
92,kevin reed,"6667 Yolanda Oval Suite 349
New Timothy, OR 93436-9316",,349974762453807,et,assumenda,id
93,anna stuart,"5425 Curtis Ridge Apt. 095
South Karenland, MH 55450",869951542999663,3096299207268027,necessitatibus,distinctio,repudiandae
94,amanda gibson,"735 Lewis Green
Lake Karinachester, PW 22308-4654",630477540987,6011346151416923,provident,consequatur,ullam
95,lisa alvarez,"12116 Rivera Loop
West Davidview, AR 33612-5131",060493116689,30331584343696,eius,earum,fugit
96,eric quinn,"797 Calvin Trace
New Karenmouth, WY 87892-1223",5252658228880109,3528965184692417,nulla,occaecati,vitae
97,kathy blanchard,"68242 Michelle Highway
Heatherland, MP 04269",3158833948201569,30195847319938,atque,ut,harum
98,cynthia sanchez,"5699 Christian Cliffs Suite 413
Lopezburgh, PA 13420",3528079622402296,3337206909275118,officia,eveniet,assumenda
99,james austin,"578 Jessica Crest Suite 916
Freemanville, MT 07602-3586",589359524354,4610211752828167,sit,recusandae,nostrum
